"timestamp","operation","details","status","user"
"2025-12-31 00:35:07","soft_delete","id= P0001","success","zhaoq"
"2025-12-31 00:35:22","enable","id= P0001","success","zhaoq"
"2025-12-31 00:35:27","enable","id= P0003","success","zhaoq"
"2025-12-31 00:40:03","hard_delete","id= P0251 ref= 22","error","zhaoq"
"2025-12-31 00:40:11","hard_delete","id= P0251 ref= 22","error","zhaoq"
"2025-12-31 00:40:27","hard_delete","id= P0001 ref= 76","error","zhaoq"
"2025-12-31 00:40:33","hard_delete","id= P0001 ref= 76","error","zhaoq"
"2025-12-31 14:06:03","soft_delete","id= P0001","success","zhaoq"
"2025-12-31 14:06:10","enable","id= P0001","success","zhaoq"
"2025-12-31 15:34:32","soft_delete","id= P0001","success","zhaoq"
"2025-12-31 15:34:34","soft_delete","id= P0003","success","zhaoq"
"2025-12-31 15:34:37","soft_delete","id= P0006","success","zhaoq"
"2025-12-31 15:34:44","enable","id= P0001","success","zhaoq"
"2025-12-31 15:34:47","enable","id= P0002","success","zhaoq"
"2025-12-31 15:34:50","enable","id= P0003","success","zhaoq"
"2025-12-31 15:34:55","enable","id= P0006","success","zhaoq"
"2026-01-06 20:53:46","soft_delete","id= P0001","success","zhaoq"
"2026-01-06 20:53:52","enable","id= P0001","success","zhaoq"
"2026-01-06 20:53:59","soft_delete","id= P0001","success","zhaoq"
"2026-01-06 20:54:10","enable","id= P0001","success","zhaoq"
"2026-01-06 20:54:12","enable","id= P0001","success","zhaoq"
